{"protected":{"ver":"v1","alg":"HS256","iat":1757416600},"signature":"85f207d12ce4b3cce89e0d27e037ef16d92f9c66f2b711c04cbb37b77bee3095","payload":{"device_name":"00:01","device_type":"DATA_FORWARDER","interval_ms":625,"sensors":[{"name":"ax","units":"N/A"},{"name":"ay","units":"N/A"},{"name":"az","units":"N/A"},{"name":"gx","units":"N/A"},{"name":"gy","units":"N/A"},{"name":"gz","units":"N/A"}],"values":[[-7.12,6.1,0.38,-0.02,0.06,0.05],[-7.4,6.13,0.25,0.04,0.18,-0.09],[-7.15,6.08,0.14,-0.01,-0.09,-0.01],[-1.18,-2.66,0.69,-3.65,-4.84,-0.39],[-2.49,4.31,7.92,-0.04,0.01,-0.01],[-2.21,4.36,7.84,-0.15,0,0.01],[-2.38,4.29,7.88,-0.02,0.03,-0.01],[-2.39,4.35,7.8,-0.07,-0.01,0],[-2.39,4.4,7.81,-0.05,0,-0.01],[-2.36,4.43,7.82,-0.09,-0.01,0],[-2.27,4.39,7.86,-0.06,0,-0.01],[-2.27,4.39,7.86,-0.06,0,-0.01],[-2.33,4.39,7.86,-0.06,0,-0.01],[-2.32,4.41,7.84,-0.06,0.01,-0.01],[-2.33,4.39,7.82,-0.06,0.02,-0.01],[-2.39,4.39,7.84,-0.06,0,-0.01]]}}