{"protected":{"ver":"v1","alg":"HS256","iat":1757436814},"signature":"a00d0d109b22b7639debb7a5b4e830e2a73f866dcb1e85624aaf28fb8225a1ff","payload":{"device_name":"00:01","device_type":"DATA_FORWARDER","interval_ms":625,"sensors":[{"name":"ax","units":"N/A"},{"name":"ay","units":"N/A"},{"name":"az","units":"N/A"},{"name":"gx","units":"N/A"},{"name":"gy","units":"N/A"},{"name":"gz","units":"N/A"}],"values":[[-6.09,5.63,0.66,0.14,0.36,-0.62],[-8.21,5.82,0.6,0.24,-0.07,0.12],[-7.88,4.67,0.26,-0.11,0.02,-0.08],[-8.23,4.8,-0.09,-0.05,0.06,-0.12],[-8.2,4.57,0.03,-0.25,-0.05,-0.02],[-7.96,3.29,1.54,-1.35,1.9,0.63],[-7.85,4.76,-0.18,-0.41,0.4,-0.26],[-6.73,3.27,-0.01,-0.42,0.31,-0.47],[0.9,3.42,5.54,-4.7,-2.28,1.81],[-1.52,1.66,9.06,-0.1,-0.02,-0.01],[-1.59,1.58,9.04,-0.06,-0.01,-0.01],[-1.63,1.54,9.07,-0.07,-0.02,-0.01],[-1.62,1.51,9.07,-0.07,-0.02,-0.01],[-1.62,1.47,9.07,-0.06,-0.02,-0.01],[-1.64,1.46,9.09,-0.06,-0.02,-0.01],[-1.63,1.46,9.05,-0.06,-0.02,-0.01]]}}