{"protected":{"ver":"v1","alg":"HS256","iat":1757416478},"signature":"4c2c718581eb16f67b3305303bf8b8b2b9a53b47c476ea22cf5c01d0eb06d7dd","payload":{"device_name":"00:01","device_type":"DATA_FORWARDER","interval_ms":625,"sensors":[{"name":"ax","units":"N/A"},{"name":"ay","units":"N/A"},{"name":"az","units":"N/A"},{"name":"gx","units":"N/A"},{"name":"gy","units":"N/A"},{"name":"gz","units":"N/A"}],"values":[[-9.15,-2.2,-1.58,0.08,0.06,-0.07],[-9.17,-2.02,-0.98,-0.42,-0.32,0.15],[-9.33,-1.64,-0.19,-0.32,-0.06,0.16],[-9.25,-1.33,0,-0.08,-0.02,0],[-9.29,-1.23,0.13,-0.09,0.01,0.03],[-9.32,-1.18,0.07,-0.06,0.01,0],[-9.43,-1.23,0.13,-0.05,-0.01,-0.08],[-9.38,-1.16,0.31,-0.09,-0.02,-0.02],[-9.34,-1.17,0.33,-0.04,0.01,-0.01],[-9.38,-1.11,0.39,-0.11,0.01,0.02],[-9.38,-1,0.39,-0.07,0,0],[-9.42,-1,0.43,-0.07,-0.02,0],[-9.28,-1.14,0.41,-0.03,0,-0.03],[-9.26,-1.61,1.59,-0.11,-0.43,-0.17],[-9.22,-1.81,0.87,-0.1,0.06,0.06],[-9.42,-1.32,0.67,-0.62,-0.1,0.31]]}}