{"protected":{"ver":"v1","alg":"HS256","iat":1757447189},"signature":"fe6aa3652421d15dbe2e7465137474ea4e1f09aac2b6d99b1a8be11b5909fdaa","payload":{"device_name":"00:01","device_type":"DATA_FORWARDER","interval_ms":625,"sensors":[{"name":"ax","units":"N/A"},{"name":"ay","units":"N/A"},{"name":"az","units":"N/A"},{"name":"gx","units":"N/A"},{"name":"gy","units":"N/A"},{"name":"gz","units":"N/A"}],"values":[[6.54,-8.24,-2.99,-0.16,-0.25,-1.09],[7.43,-5.37,-3.12,-0.47,-0.35,-0.19],[6.26,-6.89,-3.95,1.4,0.69,1.04],[0.25,-8.81,-3.22,-0.29,0.06,1.14],[-3.18,-8.3,0.59,0.12,0.38,0.59],[-3.7,-8.69,1.56,-0.22,0.08,0.01],[-3.61,-8.86,1.12,-0.06,-0.03,-0.03],[-3.68,-8.72,1.19,-0.05,-0.02,0],[-3.68,-8.67,1.26,-0.1,0.02,0.07],[-3.64,-8.83,1.16,-0.08,0.01,0.02],[-3.55,-1.31,-0.12,0.32,0.49,-0.27],[-4.66,3.93,4.44,-5.55,-5.04,-0.1],[-3.02,2.71,8.24,0.1,0,-0.04],[-2.92,2.45,8.45,-0.1,-0.05,-0.01],[-2.9,2.38,8.44,-0.11,-0.07,0.02],[-2.88,2.29,8.51,-0.07,-0.02,-0.01]]}}