{"protected":{"ver":"v1","alg":"HS256","iat":1757445503},"signature":"74b94d21e53271202c53d95b1248ee3beacbacb72ff664ebf8befc0ba0aad88d","payload":{"device_name":"00:01","device_type":"DATA_FORWARDER","interval_ms":625,"sensors":[{"name":"ax","units":"N/A"},{"name":"ay","units":"N/A"},{"name":"az","units":"N/A"},{"name":"gx","units":"N/A"},{"name":"gy","units":"N/A"},{"name":"gz","units":"N/A"}],"values":[[7.95,6.1,0.96,0.13,0.08,-0.12],[7.66,6.51,0.51,0.03,-0.05,-0.04],[7.62,6.62,0.35,0.01,0,-0.06],[5.17,8.25,0.58,-0.09,0.47,0.22],[15.18,15.23,-20.25,-8.73,-8.73,4.84],[-0.9,-5.85,-8.48,-0.46,-0.25,0.15],[-0.77,-5.91,-8.45,-0.09,-0.02,0],[-0.8,-5.87,-8.48,-0.08,-0.02,0],[-0.78,-5.81,-8.49,-0.08,-0.02,-0.01],[-0.77,-5.79,-8.53,-0.07,-0.03,0],[-0.78,-5.78,-8.57,-0.09,-0.02,-0.01],[-0.78,-5.75,-8.54,-0.05,-0.01,-0.01],[-0.75,-5.75,-8.58,-0.08,-0.02,0],[-0.77,-5.75,-8.59,-0.06,-0.02,-0.01],[-0.77,-5.72,-8.59,-0.06,-0.02,-0.01],[-0.75,-5.71,-8.6,-0.06,-0.01,-0.01]]}}