{"protected":{"ver":"v1","alg":"HS256","iat":1757447379},"signature":"68ffcd10f73566cdcb04cb881df5068327f398d6014d719886bea0cdeee668b4","payload":{"device_name":"00:01","device_type":"DATA_FORWARDER","interval_ms":625,"sensors":[{"name":"ax","units":"N/A"},{"name":"ay","units":"N/A"},{"name":"az","units":"N/A"},{"name":"gx","units":"N/A"},{"name":"gy","units":"N/A"},{"name":"gz","units":"N/A"}],"values":[[6.4,-1.28,-9.2,-0.21,-0.05,-0.08],[5.9,-1.36,-8.78,-0.01,0.03,-0.06],[6.09,-1.5,-8.39,0.05,0,0.03],[6.14,-1.76,-8.59,-0.01,-0.12,0.03],[5.51,-1.61,-9.31,0.07,-0.13,0.12],[5.37,-1.5,-9.42,-0.01,0,0.05],[5.36,-1.56,-9.19,-0.03,-0.02,-0.03],[3.77,9.42,-4.1,8.73,-8.73,-3.29],[0.77,3.79,-8.84,-2.88,-2.92,1.91],[-6.48,4.38,2.9,-0.83,0.17,1.01],[-3.53,1.66,8.57,-0.04,-0.32,0.07],[-2.92,1.32,8.76,-0.11,-0.11,0.05],[-2.4,1.24,8.93,-0.11,-0.15,0.03],[-2.08,1.08,9.03,-0.09,-0.05,0],[-1.92,0.98,9.1,-0.08,-0.04,0],[-1.81,0.9,9.11,-0.07,-0.04,0]]}}