{"protected":{"ver":"v1","alg":"HS256","iat":1757445605},"signature":"97709272b737b6a49712c55be6f36c24ffa2982a65453aff58a748030c8eb268","payload":{"device_name":"00:01","device_type":"DATA_FORWARDER","interval_ms":625,"sensors":[{"name":"ax","units":"N/A"},{"name":"ay","units":"N/A"},{"name":"az","units":"N/A"},{"name":"gx","units":"N/A"},{"name":"gy","units":"N/A"},{"name":"gz","units":"N/A"}],"values":[[-8.41,-4.3,0.61,-0.04,-0.66,0.03],[-7.42,-3.66,1.12,-0.26,-0.05,0.14],[-10.4,-2.73,2.15,-0.09,-0.37,0.34],[-8.26,-2.21,2.4,-0.28,-0.19,0.08],[-4.53,-7.6,0.83,-1.28,-2.39,4.57],[-7.3,-1.5,-6.57,-0.53,-0.54,0.04],[-7.3,-1.42,-6.59,-0.22,-0.19,0.01],[-7.29,-1.4,-6.6,-0.08,-0.04,-0.01],[-5.7,-7.02,-6.36,-6.84,2.86,-3.19],[-7.88,-2.38,-6.94,0.35,1.2,-0.79],[-4.7,-0.64,-9.01,-0.25,-0.18,-0.05],[-5.1,-0.18,-8.84,-0.02,0.05,0],[-5.13,-0.13,-8.77,-0.02,-0.01,-0.02],[-5.2,-0.14,-8.72,-0.04,-0.01,-0.01],[-5.2,-0.24,-8.78,-0.05,0,-0.02],[-5.2,-0.22,-8.77,-0.05,-0.03,-0.02]]}}