{"protected":{"ver":"v1","alg":"HS256","iat":1757447175},"signature":"88eed0cbbac23ef2f8b5260f00ea7771989f113b9be1bd2519c89dc714170c1a","payload":{"device_name":"00:01","device_type":"DATA_FORWARDER","interval_ms":625,"sensors":[{"name":"ax","units":"N/A"},{"name":"ay","units":"N/A"},{"name":"az","units":"N/A"},{"name":"gx","units":"N/A"},{"name":"gy","units":"N/A"},{"name":"gz","units":"N/A"}],"values":[[-5.05,-5.08,-4.05,-0.29,-0.36,2.12],[-7.15,0.57,-5.84,-1.2,1.2,-0.53],[-2.93,4.59,-6.85,0.55,-1.56,0.39],[-5.32,5.15,-7.23,-0.53,-0.82,-0.62],[-2.16,9.74,-2.89,-0.61,0.3,0.73],[-1.83,9.06,-1.72,0.01,-0.04,-0.25],[-1.35,9.82,-1.67,0.18,-0.21,-0.14],[-1.23,8.6,-1.92,-0.1,0.21,-0.1],[-0.94,8.97,-2.6,-0.32,-0.1,0.67],[-0.19,9.23,-1.39,0.04,0.16,0.14],[20.98,-10.94,-27.51,-2.15,8.73,1.61],[-3.67,-5.2,-7.68,-3.2,-4.83,-3.07],[-1.77,-1.76,-10.11,0.02,0.08,-0.03],[-1.54,-2.04,-10.11,0.09,0.06,-0.02],[-1.33,-2.47,-10.1,-0.04,0.01,0.01],[-1.3,-2.73,-10,-0.06,-0.02,-0.01]]}}