{"protected":{"ver":"v1","alg":"HS256","iat":1757416354},"signature":"f9e146f996f339a82589cc7490bd4542df3a8b13c74c824fef5547e206f20fb8","payload":{"device_name":"00:01","device_type":"DATA_FORWARDER","interval_ms":625,"sensors":[{"name":"ax","units":"N/A"},{"name":"ay","units":"N/A"},{"name":"az","units":"N/A"},{"name":"gx","units":"N/A"},{"name":"gy","units":"N/A"},{"name":"gz","units":"N/A"}],"values":[[-9.09,-2.44,-0.35,-0.04,-0.03,-0.05],[-9.05,-2.34,-0.51,-0.01,0.03,-0.06],[-8.99,0.94,7.02,-5.4,4.84,3.42],[-4.99,-0.16,7.85,-0.06,-0.03,-0.01],[-4.92,-0.22,7.83,-0.07,-0.01,-0.01],[-4.97,-0.35,7.89,-0.08,0.02,-0.02],[-5.02,-0.21,7.74,0.02,0.05,0],[-5.25,-0.08,7.66,-0.06,0.01,0]]}}