{"protected":{"ver":"v1","alg":"HS256","iat":1757436717},"signature":"0fe21bde2995864617d0b769af485dd5f811603ac32227959c06ed6235e94dae","payload":{"device_name":"00:01","device_type":"DATA_FORWARDER","interval_ms":625,"sensors":[{"name":"ax","units":"N/A"},{"name":"ay","units":"N/A"},{"name":"az","units":"N/A"},{"name":"gx","units":"N/A"},{"name":"gy","units":"N/A"},{"name":"gz","units":"N/A"}],"values":[[-5.45,3.78,-5.83,0.37,-0.76,-0.5],[-7.88,2.88,-5.61,-0.17,-0.59,0.07],[-7.84,3.39,-5.83,0.03,-0.33,-0.2],[-8.14,2.35,-4.69,-0.07,-0.13,-0.08],[-8.56,2.22,-4.51,0,-0.15,-0.01],[-10.06,1.26,-2.38,-0.07,-0.79,-0.35],[-8.97,0.34,-1.68,0.03,-0.36,-0.23],[-8.67,-0.38,-0.93,-1.99,-0.5,-1.26],[-8.76,-1.43,-0.1,0.45,-0.08,0.34],[-9.17,0.42,-0.81,-0.14,0.01,0.21],[3.07,34.43,-0.86,-8.73,-8.73,-8.73],[-0.68,-8.29,-6.02,-0.32,0.01,0.02],[-0.75,-8.18,-5.98,-0.09,-0.02,-0.02],[-0.75,-8.12,-6.1,-0.07,-0.02,-0.01],[-0.74,-7.97,-6.3,-0.07,-0.02,-0.01],[-0.72,-7.93,-6.33,-0.06,-0.02,-0.01]]}}