{"protected":{"ver":"v1","alg":"HS256","iat":1757447128},"signature":"b33e158d5767fdaffa4beb55c4d39cae5a30ce0be8f04f7cf4ced5e6a3bf94b6","payload":{"device_name":"00:01","device_type":"DATA_FORWARDER","interval_ms":625,"sensors":[{"name":"ax","units":"N/A"},{"name":"ay","units":"N/A"},{"name":"az","units":"N/A"},{"name":"gx","units":"N/A"},{"name":"gy","units":"N/A"},{"name":"gz","units":"N/A"}],"values":[[-9.42,0.07,-0.63,0.02,-0.01,-0.07],[-9.41,-0.18,-0.59,-0.02,-0.04,-0.02],[-9.5,-0.05,-0.55,-0.12,-0.01,-0.07],[-9.38,0.16,-0.51,-0.03,0,0.01],[-9.43,0.2,-0.72,-0.06,0,0.02],[-9.36,0.24,-0.84,-0.05,0.02,0.01],[-6.27,3.57,-1,8.64,8.73,1.69],[-5.62,3.07,-7.87,0.05,-0.31,-0.05],[-5.42,2.42,-8.16,0.03,0,0],[-5.21,1.84,-8.57,0.05,-0.01,-0.01],[-4.97,1.53,-8.73,0.11,0.1,-0.02],[-4.64,1.01,-9.24,0,0.05,-0.01],[-4.56,0.84,-9.13,-0.05,-0.01,-0.01],[-4.49,0.77,-9.2,-0.04,0,-0.01],[-4.44,0.69,-9.22,-0.05,-0.01,-0.01],[-4.39,0.67,-9.27,-0.04,0,-0.01]]}}