{"protected":{"ver":"v1","alg":"HS256","iat":1757437092},"signature":"a7409e6392e4defb3ee406c713f20f3a647318efe50f25b64f2b104c426a2abd","payload":{"device_name":"00:01","device_type":"DATA_FORWARDER","interval_ms":625,"sensors":[{"name":"ax","units":"N/A"},{"name":"ay","units":"N/A"},{"name":"az","units":"N/A"},{"name":"gx","units":"N/A"},{"name":"gy","units":"N/A"},{"name":"gz","units":"N/A"}],"values":[[-6.27,-1.27,-6.38,-0.29,-0.6,0.08],[-5.68,-0.07,-7.25,3.52,3.29,-0.59],[-9.31,-1.3,-4.3,1.13,-0.38,-0.89],[-6.11,-1.95,0.97,2.46,-1.08,-1.41],[-8.84,0.92,-0.71,-0.94,-0.18,0.09],[-9.83,0.57,4.05,0.25,-1.66,0.93],[-8.23,0.51,4.5,0.64,-0.58,-0.13],[-9.8,-0.12,2.26,-0.81,1.11,-0.59],[-9.38,-0.75,0.36,0.12,-0.09,0.12],[-8.28,-2.55,0.96,-0.1,0.45,-0.31],[-9.3,-2.79,-0.3,0.19,-0.19,0.53],[-9.01,-1.82,0.64,-0.31,-0.1,0.11],[-6.28,-1.38,-2.62,-1.11,-1.39,-6.18],[-7.44,-2.61,2.59,-1.47,0,0.91],[-3.75,-4.6,7.18,0.19,0.23,0.06],[-3.39,-4.59,7.41,-0.03,-0.06,-0.03]]}}