{"protected":{"ver":"v1","alg":"HS256","iat":1757445537},"signature":"55456c3d32882582135f1d887eb8be0d23c732c6e364a94663b1e979ba9dd386","payload":{"device_name":"00:01","device_type":"DATA_FORWARDER","interval_ms":625,"sensors":[{"name":"ax","units":"N/A"},{"name":"ay","units":"N/A"},{"name":"az","units":"N/A"},{"name":"gx","units":"N/A"},{"name":"gy","units":"N/A"},{"name":"gz","units":"N/A"}],"values":[[-7.96,-1.5,0.81,-0.6,0.78,0.7],[-9.01,0,-0.4,-0.05,0.2,-0.02],[-9.71,-1.36,-1.01,-0.11,-0.01,-0.05],[-9.46,0.12,-0.84,-0.16,0.08,0.26],[-9.67,-0.32,-1.4,-0.02,-0.04,-0.36],[-9.1,-2.7,-0.66,-0.01,-0.09,-0.01],[-9.08,-2.37,-0.5,-0.07,-0.02,0.22],[-9.2,-2.15,-0.59,-0.07,0.02,-0.06],[-7.58,-1.94,-0.59,0.12,0.02,-0.1],[-1.11,6.9,26.83,3.62,8.73,8.73],[-8.88,2.79,1.43,-0.39,-0.35,-0.14],[-8.87,2.84,1.25,-0.03,-0.11,-0.03],[-8.87,2.88,1.15,0.28,0.13,0.05],[-8.83,2.9,1.07,-0.03,-0.06,0],[-8.86,2.9,1.09,-0.06,-0.05,-0.01],[-8.85,2.87,1.27,0.02,-0.06,0]]}}