{"protected":{"ver":"v1","alg":"HS256","iat":1757437155},"signature":"abe5af1fcfa7a72b4adfe56e92ed19834c36cf4e34789376733e2c0c2c9d2fc7","payload":{"device_name":"00:01","device_type":"DATA_FORWARDER","interval_ms":625,"sensors":[{"name":"ax","units":"N/A"},{"name":"ay","units":"N/A"},{"name":"az","units":"N/A"},{"name":"gx","units":"N/A"},{"name":"gy","units":"N/A"},{"name":"gz","units":"N/A"}],"values":[[-1.54,7.37,5.32,0.97,-1.54,-0.34],[3.21,8.5,3.44,0.35,-1.66,-0.13],[3.65,9.13,-1.43,0.51,-0.02,0.55],[3.64,9.1,-3.15,0.32,-0.76,0.3],[2.58,8.35,-3.93,-0.01,-0.27,0.01],[1.47,9.48,-3.1,-0.07,0.02,-0.31],[1.51,8.58,-3.31,-0.07,-0.08,0.1],[1.69,9.12,-3.61,-0.06,-0.25,0.09],[1.95,9.16,-3.26,-0.03,-0.26,-0.18],[1.43,9.7,-3.3,-0.03,-0.55,-0.06],[-2.26,-1.72,-5.32,-6.46,1.69,3.63],[-3.28,-1.98,8.31,0.75,1.05,0.22],[-3.01,-2.11,8.55,-0.07,-0.04,-0.01],[-2.94,-2.16,8.55,-0.08,-0.02,-0.01],[-2.78,-2.4,8.53,-0.06,-0.05,-0.03],[-2.64,-2.46,8.62,-0.06,-0.02,-0.01]]}}