{"protected":{"ver":"v1","alg":"HS256","iat":1757447568},"signature":"0ee4fd7c006eebca2bdb4a6a34bccbf484cdb9396b9fe45f4491a83adbd4d436","payload":{"device_name":"00:01","device_type":"DATA_FORWARDER","interval_ms":625,"sensors":[{"name":"ax","units":"N/A"},{"name":"ay","units":"N/A"},{"name":"az","units":"N/A"},{"name":"gx","units":"N/A"},{"name":"gy","units":"N/A"},{"name":"gz","units":"N/A"}],"values":[[-8.91,-3.16,4.41,-0.72,-2.53,-0.06],[-8.93,-4.86,6.12,0.42,-2.66,-0.39],[-7.29,-2.41,5.61,1.84,-0.89,0.32],[-9.19,-3.12,5.77,0.04,0.66,-2.69],[-6.55,-3.19,5.26,0.53,0.8,-1.61],[-6.52,-3.31,5.27,0.01,-0.45,-0.52],[-7.26,-2.92,5.93,0.15,-0.01,-0.06],[-7.05,-2.83,5.52,-0.58,0.12,-0.09],[-7.18,-3.35,0.16,3.7,-4.33,2.52],[-3.4,1.04,8.08,1.57,1.28,0.03],[-2.98,0.52,8.83,0.04,0.29,0.05],[-2.85,0.45,8.83,-0.03,0.07,0],[-2.8,0.41,8.88,-0.08,-0.05,-0.01],[-2.75,0.4,8.9,-0.06,0,-0.01],[-2.72,0.36,8.91,-0.06,-0.02,-0.01],[-2.68,0.37,8.92,-0.07,-0.03,-0.01]]}}