{"protected":{"ver":"v1","alg":"HS256","iat":1757441482},"signature":"202dc288fc197b75e8b6010a69510ade0bf2e928c2faffc2ea748d1d18afe246","payload":{"device_name":"00:01","device_type":"DATA_FORWARDER","interval_ms":625,"sensors":[{"name":"ax","units":"N/A"},{"name":"ay","units":"N/A"},{"name":"az","units":"N/A"},{"name":"gx","units":"N/A"},{"name":"gy","units":"N/A"},{"name":"gz","units":"N/A"}],"values":[[0.45,-9.12,3.22,-0.09,-0.18,0.02],[0.55,-9.06,3.33,-0.06,0.02,0.02],[0.58,-8.94,3.12,-0.07,-0.03,-0.04],[0.34,-8.99,3.2,-0.08,-0.03,0],[0.12,-9.09,3,-0.07,-0.06,-0.02],[0.15,-9.32,3.09,-0.05,0,0.04],[0.11,-9.19,3.04,-0.06,-0.02,-0.01],[-0.06,-9.26,3.13,-0.11,-0.03,-0.01],[-0.16,-9.39,3.08,-0.03,0.02,0.04],[-3.13,0.3,-5.09,3.15,-1.57,0.83],[-6.8,-5.85,2.09,-6.72,3.33,3.8],[-4.43,-8.07,2.4,-0.07,-0.01,-0.01],[-4.48,-8.1,2.21,-0.07,-0.01,-0.01],[-4.45,-8.12,2.19,-0.06,-0.02,-0.01],[-4.46,-8.16,2.13,-0.07,-0.01,-0.01],[-4.47,-8.16,2.09,-0.07,-0.01,-0.01]]}}