{"protected":{"ver":"v1","alg":"HS256","iat":1757447348},"signature":"e327233edcf578e283e37c6cc504d0695340fd3cde62289f613c6400a977d7bd","payload":{"device_name":"00:01","device_type":"DATA_FORWARDER","interval_ms":625,"sensors":[{"name":"ax","units":"N/A"},{"name":"ay","units":"N/A"},{"name":"az","units":"N/A"},{"name":"gx","units":"N/A"},{"name":"gy","units":"N/A"},{"name":"gz","units":"N/A"}],"values":[[9.65,-2.88,0.82,0.45,-0.68,-0.2],[9.72,-2.42,-0.96,-0.21,-0.06,0.21],[10.23,-4.13,-1.9,-0.96,-0.31,-0.58],[8.95,-2.46,-4.44,0.61,-1.16,0.43],[7.64,-3.5,-5.33,-0.14,0.17,-0.65],[9.55,0.79,-2.16,0.98,1.85,-1.04],[9.5,3.31,-1.95,0.33,-0.82,0.47],[7.49,-1.04,8.07,-0.05,-0.54,-0.07],[-4.06,-0.38,-9.41,3.35,2.4,-0.23],[-3.83,-0.53,-9.54,-0.03,0.09,-0.03],[-3.85,-0.57,-9.56,-0.06,-0.05,0.02],[-3.83,-0.6,-9.56,-0.06,-0.03,0],[-3.8,-0.6,-9.57,-0.03,-0.01,0],[-3.78,-0.63,-9.58,-0.06,-0.01,-0.01],[-3.76,-0.63,-9.6,-0.06,-0.01,-0.01],[-3.7,-0.68,-9.58,-0.06,-0.01,-0.01]]}}