{"protected":{"ver":"v1","alg":"HS256","iat":1757436792},"signature":"7a985aa614ea8b4da2472e0ae6210597ee0368a15a5459c3aea13fb921c2044f","payload":{"device_name":"00:01","device_type":"DATA_FORWARDER","interval_ms":625,"sensors":[{"name":"ax","units":"N/A"},{"name":"ay","units":"N/A"},{"name":"az","units":"N/A"},{"name":"gx","units":"N/A"},{"name":"gy","units":"N/A"},{"name":"gz","units":"N/A"}],"values":[[-7.77,-5.27,0.7,-0.33,0.01,-0.59],[-8.25,-4.66,0.32,-0.09,0.27,-0.86],[-8.34,-4.91,0.18,-0.25,0.15,0.17],[-8.03,-5.51,-0.02,-0.24,0.29,0.41],[-7.64,-5.32,0.33,-0.31,0.38,0.02],[-7.35,13.35,-9.39,8.73,0.56,-1.92],[-4.58,-1.44,8.1,0.51,2.34,-1.18],[-2.35,-2.1,8.81,-0.06,-0.02,-0.01],[-2.36,-2.06,8.77,-0.07,-0.01,-0.01],[-2.35,-2.04,8.81,-0.05,-0.02,0],[-2.34,-2.02,8.79,-0.06,-0.02,-0.01],[-2.35,-2.02,8.82,-0.03,-0.03,0],[-2.33,-1.97,8.79,-0.05,-0.02,0],[-2.33,-1.96,8.86,-0.06,-0.02,-0.01],[-2.31,-1.98,8.83,-0.05,-0.02,0],[-2.33,-1.95,8.84,-0.05,-0.02,-0.01]]}}