{"protected":{"ver":"v1","alg":"HS256","iat":1757445520},"signature":"bdcf29fc08720aac0426714a461956fc6112fc9306db8f934b669b72dd0a7c07","payload":{"device_name":"00:01","device_type":"DATA_FORWARDER","interval_ms":625,"sensors":[{"name":"ax","units":"N/A"},{"name":"ay","units":"N/A"},{"name":"az","units":"N/A"},{"name":"gx","units":"N/A"},{"name":"gy","units":"N/A"},{"name":"gz","units":"N/A"}],"values":[[-3.6,-9.8,-2.08,1.23,1.79,-1.94],[2.26,-10,-0.26,-0.35,0.13,0.45],[2.11,-9.76,-0.21,0.06,0.06,-0.1],[1.3,7.84,0.14,1.63,-0.29,-0.83],[-3.37,4.28,11.77,4.96,2.38,-0.51],[-2.59,4.5,7.69,-0.1,-0.05,0],[-2.55,4.31,7.83,-0.12,-0.03,-0.01],[-2.55,4.21,7.92,-0.07,-0.02,-0.01],[-2.54,4.23,7.9,-0.03,-0.01,-0.01],[-2.52,4.19,7.93,-0.06,-0.02,-0.01],[-2.52,4.22,7.91,-0.06,-0.02,-0.01],[-2.51,4.2,7.93,-0.08,-0.01,-0.01],[-2.51,4.2,7.91,-0.06,-0.01,-0.01],[-2.51,4.19,7.94,-0.05,-0.01,-0.01],[-2.5,4.12,8.03,-0.1,-0.02,-0.01],[-2.51,4.13,7.93,-0.05,-0.01,-0.01]]}}