{"protected":{"ver":"v1","alg":"HS256","iat":1757445436},"signature":"b8d028a84508f48c2dba97a0398fe59893e4db03358ba97dfe7ad7ee28abfc45","payload":{"device_name":"00:01","device_type":"DATA_FORWARDER","interval_ms":625,"sensors":[{"name":"ax","units":"N/A"},{"name":"ay","units":"N/A"},{"name":"az","units":"N/A"},{"name":"gx","units":"N/A"},{"name":"gy","units":"N/A"},{"name":"gz","units":"N/A"}],"values":[[10.07,0.87,1.03,0.26,-0.04,0],[9.98,1.3,0.92,0,0.12,-0.25],[9.81,2.01,1.25,-0.2,0.12,-0.22],[4.61,7.35,6.11,-0.7,-0.89,0.1],[3.96,4.37,-18.74,-8.73,-4.88,0.21],[-0.45,-5.07,-9.08,-0.18,-0.12,0.04],[-0.47,-5.04,-9.04,-0.05,-0.02,-0.01],[-0.4,-5.07,-9.07,-0.06,-0.01,-0.01],[-0.36,-5.09,-9.05,-0.04,-0.01,-0.01],[-0.37,-5.09,-9.07,-0.06,-0.01,-0.01],[-0.35,-5.1,-9.08,-0.05,-0.01,-0.01],[-0.32,-5.09,-9.06,-0.06,-0.01,-0.01],[-0.33,-5.11,-9.1,-0.05,-0.01,-0.01],[-0.31,-5.11,-9.05,-0.06,-0.02,0],[-0.28,-5.11,-9.04,-0.07,-0.03,0],[-0.27,-5.14,-9.06,-0.07,-0.03,0]]}}