{"protected":{"ver":"v1","alg":"HS256","iat":1757436646},"signature":"e92dd5e6f4d42b8fd92863cb8bb67e38ac797117d0a7ddc107b3cfc12e3cedc1","payload":{"device_name":"00:01","device_type":"DATA_FORWARDER","interval_ms":625,"sensors":[{"name":"ax","units":"N/A"},{"name":"ay","units":"N/A"},{"name":"az","units":"N/A"},{"name":"gx","units":"N/A"},{"name":"gy","units":"N/A"},{"name":"gz","units":"N/A"}],"values":[[7.43,-2.28,-7.6,-2.34,-0.93,0.35],[6.41,0.6,-12.19,-2.8,1.68,1.54],[9.03,0.71,-3.18,1.74,-1.6,0.62],[3.92,-0.21,-10.21,-0.3,-0.61,-0.24],[4.56,0.27,-7.89,-1.04,0.84,0.39],[7.96,1.84,-7.13,0.38,0.78,0.38],[6.91,1.64,-9.38,0.87,-0.22,-0.23],[0.77,-3.53,-9.59,-0.4,-1,-0.44],[-1.9,-1.09,-8.47,-0.54,-0.33,0.12],[-2.24,-1.81,-9.18,-0.12,-0.06,-0.06],[-3.27,0.66,-8.67,-0.94,-0.47,0.15],[-2.12,1.79,-9.62,-0.15,-0.21,-0.03],[-3.08,1.72,-9.12,0.01,-0.7,-0.93],[-8.28,1.45,-6.38,-1.39,-1.8,-0.4],[-9.41,2.17,-0.82,0.53,-0.24,0.16],[-9.06,1.7,-1.01,0.01,-0.02,-0.05]]}}