{"protected":{"ver":"v1","alg":"HS256","iat":1757436920},"signature":"8fab2e0b165fcff044c4fc15e1865294eab8b27e1ac87717d625adcd45ba7ab8","payload":{"device_name":"00:01","device_type":"DATA_FORWARDER","interval_ms":625,"sensors":[{"name":"ax","units":"N/A"},{"name":"ay","units":"N/A"},{"name":"az","units":"N/A"},{"name":"gx","units":"N/A"},{"name":"gy","units":"N/A"},{"name":"gz","units":"N/A"}],"values":[[2.57,-9.46,1.74,0.3,0.03,-0.16],[-2.55,-9.28,2.11,-2.63,-1.1,2.17],[-7.99,-1.14,-19.95,6.21,1.78,-1.19],[-7.74,-4.79,1.59,0.03,-1.6,0.56],[-8.59,-0.43,2.8,0.64,0.12,-0.59],[-7.75,-3.2,2.88,-0.07,-0.25,0],[-8.49,-4.77,-0.53,-0.17,0.93,0.12],[-8.71,-3.75,-1.92,-0.17,-0.39,0.43],[-8.8,-3.41,-1.47,-0.06,-0.02,0.01],[-8.91,-3.22,-1.41,-0.15,-0.07,0.04],[-7.17,-2.67,-0.94,-0.59,-0.12,0.35],[-0.51,-5.72,-5.95,0.08,0.14,-0.02],[0.62,-4.83,-9.28,-0.09,-0.03,-0.01],[0.55,-4.52,-9.4,-0.07,-0.02,-0.01],[0.5,-4.36,-9.53,-0.08,-0.02,-0.01],[0.47,-4.19,-9.59,-0.08,-0.02,-0.01]]}}