{"protected":{"ver":"v1","alg":"HS256","iat":1757416433},"signature":"be81dfdf3cd0a6754373e1ced4fd6aae73d146767a643ce0336299d7be0674fa","payload":{"device_name":"00:01","device_type":"DATA_FORWARDER","interval_ms":625,"sensors":[{"name":"ax","units":"N/A"},{"name":"ay","units":"N/A"},{"name":"az","units":"N/A"},{"name":"gx","units":"N/A"},{"name":"gy","units":"N/A"},{"name":"gz","units":"N/A"}],"values":[[-9.02,6.82,-0.35,-0.65,-0.43,-1.01],[-7.97,3.5,-2.43,0.26,0.26,-0.51],[-8.67,2.49,-2.79,-0.34,-0.19,0.15],[-8.94,1.89,-2.83,-0.12,0.09,0.02],[-8.79,1.94,-3.11,-0.05,-0.01,-0.06],[-8.89,1.92,-2.95,-0.05,0,0.01],[-8.78,1.82,-3.09,-0.09,0.08,0.02],[-8.69,2.21,-2.94,-0.16,-0.09,0.01],[-9.06,1.86,-2.76,-0.03,-0.05,0.01],[-9.17,1.9,-2.12,-0.18,-0.06,0.05],[-16.8,-6.04,3.05,-5.39,-8.73,2.26],[-5.24,-1.93,7.92,0.22,0.59,-0.05],[-4.85,-2.11,7.64,-0.07,0,-0.01],[-5.15,-1.99,7.63,0,0.12,-0.04],[-4.92,-1.98,7.63,-0.07,0.03,-0.01],[-4.74,-1.87,7.76,-0.05,0.05,-0.02]]}}