{"protected":{"ver":"v1","alg":"HS256","iat":1757447448},"signature":"7fccd844b6cc38d39851069dee2e61d638468d934abb12c00123ee7e4db3bda5","payload":{"device_name":"00:01","device_type":"DATA_FORWARDER","interval_ms":625,"sensors":[{"name":"ax","units":"N/A"},{"name":"ay","units":"N/A"},{"name":"az","units":"N/A"},{"name":"gx","units":"N/A"},{"name":"gy","units":"N/A"},{"name":"gz","units":"N/A"}],"values":[[-2.51,-5.94,-7.77,-0.11,0.02,0.03],[-2.22,-5.73,-8.26,-0.06,0.09,-0.27],[-1.98,-5.8,-8.12,-0.12,-0.05,-0.05],[-1.87,-5.82,-8.37,-0.08,0,0.01],[-1.89,-5.71,-8.45,-0.02,-0.01,-0.03],[-1.87,-5.77,-8.39,-0.04,0,-0.1],[-1.11,-5.15,-5.72,-0.13,-0.09,-0.27],[-2.78,-3.61,-12.22,1.48,1.36,4.4],[0.68,0.6,-2.6,-0.76,6.95,-5.09],[3.65,1.58,8.66,-0.02,0.02,0],[3.64,1.79,8.63,-0.04,-0.02,-0.01],[3.64,1.91,8.62,-0.04,-0.01,-0.01],[3.62,1.98,8.58,-0.04,-0.02,-0.01],[3.63,2.06,8.59,-0.05,-0.02,-0.01],[3.61,2.09,8.58,-0.06,-0.02,-0.01],[3.62,2.14,8.54,-0.05,-0.02,-0.01]]}}