{"protected":{"ver":"v1","alg":"HS256","iat":1757437058},"signature":"f06ed2081fe0ee718c47a8a1747a69b4aa529766c5920cbf2d1f75068b0f8167","payload":{"device_name":"00:01","device_type":"DATA_FORWARDER","interval_ms":625,"sensors":[{"name":"ax","units":"N/A"},{"name":"ay","units":"N/A"},{"name":"az","units":"N/A"},{"name":"gx","units":"N/A"},{"name":"gy","units":"N/A"},{"name":"gz","units":"N/A"}],"values":[[-3.78,-1.37,-11.27,0.09,-0.68,0.75],[-6.77,0.31,-7.9,2.26,-0.16,-2.03],[-7.19,-1.3,-7.98,-0.23,-0.39,-0.23],[-7.64,-2.79,-6.29,0.44,0.07,-0.32],[-7.17,-3.85,-5.82,-0.28,-0.09,-0.12],[-7.37,-3.77,-7.6,0.33,0.99,-0.03],[-5.71,-2.56,-8.33,0,-0.07,-0.05],[-4.46,-0.9,-8.24,-0.49,0.38,-0.63],[-3.9,0.17,1.98,3.59,4.97,-1.08],[-5.35,-3.9,-0.05,-8.73,-6.23,-2.44],[-1.27,-1.57,9.23,-0.02,0.15,-0.02],[-1.24,-1.41,9.14,-0.05,-0.05,0],[-1.13,-1.29,9.12,-0.04,-0.12,-0.1],[-1.3,-1.42,8.99,-0.02,0.02,0.01],[-1.09,-1.44,9.18,-0.06,-0.05,0],[-0.93,-1.25,9.23,-0.23,-0.27,-0.01]]}}