{"protected":{"ver":"v1","alg":"HS256","iat":1757416651},"signature":"7ee6ae303a7243275a8ff20a46ba92f62657c2bcf9641f92ab73bb151da2ccca","payload":{"device_name":"00:01","device_type":"DATA_FORWARDER","interval_ms":625,"sensors":[{"name":"ax","units":"N/A"},{"name":"ay","units":"N/A"},{"name":"az","units":"N/A"},{"name":"gx","units":"N/A"},{"name":"gy","units":"N/A"},{"name":"gz","units":"N/A"}],"values":[[-6.74,6.59,-0.14,-0.08,0.03,0.12],[-7.62,6.86,-0.25,-0.06,-0.27,-0.03],[-6.84,6.53,0.07,-0.01,0.16,-0.1],[-7.55,7.83,-1.09,-0.35,0.23,0.22],[-6.6,6.41,0.75,-0.07,0.2,-0.07],[-3.87,38.31,22.91,-1.34,-7.05,-8.73],[-5.76,-0.68,8.16,0,0.05,0.19],[-5.07,-0.03,7.7,-0.04,0.05,0.02],[-5.1,-0.22,7.74,-0.06,0.01,-0.01],[-5.13,-0.15,7.73,-0.08,0.03,0],[-5.13,-0.13,7.71,-0.07,0.01,0],[-5.15,-0.14,7.69,-0.06,0,-0.01],[-5.15,-0.13,7.73,-0.06,0,0],[-5.14,-0.1,7.7,-0.06,-0.01,-0.01],[-5.14,-0.11,7.73,-0.06,-0.01,0],[-5.15,-0.07,7.67,-0.06,0.01,0]]}}