{"protected":{"ver":"v1","alg":"HS256","iat":1757416459},"signature":"c53112fb1b0bedac996fb3df3e1f855633c4bfe4acab91be26e34d33ef0f55b5","payload":{"device_name":"00:01","device_type":"DATA_FORWARDER","interval_ms":625,"sensors":[{"name":"ax","units":"N/A"},{"name":"ay","units":"N/A"},{"name":"az","units":"N/A"},{"name":"gx","units":"N/A"},{"name":"gy","units":"N/A"},{"name":"gz","units":"N/A"}],"values":[[-9.03,2.04,-2.24,-0.05,0,-0.01],[-9.11,2.09,-2.44,-0.05,0,0],[-8.97,2.16,-2.32,-0.05,-0.04,0.01],[-0.38,0.79,2.09,-4.63,1.41,5.79],[-2.95,5.4,6.91,-0.09,0.03,0.03],[-2.98,5.4,6.9,-0.05,-0.01,0],[-2.92,5.37,7.24,-0.07,0.02,-0.01],[-2.93,5.37,6.97,-0.06,-0.03,0],[-8.66,4.99,2.85,2.29,4.18,-0.59],[-8.85,3.11,1.17,-0.02,-0.23,0.22],[-8.8,2.98,1.32,0.03,-0.1,0.05],[-8.26,3.59,2.46,-0.06,-0.48,0.29],[-7.75,3.86,3.49,-0.01,0.04,-0.02],[-7.65,3.84,3.56,-0.05,-0.04,0],[-7.2,4.2,4.14,-0.25,-0.3,0.09],[-6.98,4.23,4.42,0.05,0.12,-0.09]]}}