{"protected":{"ver":"v1","alg":"HS256","iat":1757447500},"signature":"e271bf3e35849837b9e62241e6956765a82e3ce7b3e17fb49088a211bda8d69d","payload":{"device_name":"00:01","device_type":"DATA_FORWARDER","interval_ms":625,"sensors":[{"name":"ax","units":"N/A"},{"name":"ay","units":"N/A"},{"name":"az","units":"N/A"},{"name":"gx","units":"N/A"},{"name":"gy","units":"N/A"},{"name":"gz","units":"N/A"}],"values":[[-2.54,9.26,-1.58,-0.37,0.04,0.48],[-1.97,9.4,-1.56,-0.03,-0.07,0.02],[-1.36,9.26,-1.57,0.35,0.02,0.03],[14.06,-0.87,0.66,0.47,-3.11,-3.07],[-5.32,-1,8.56,-1.47,-4.88,-0.88],[-4.41,-0.62,8.18,-0.09,-0.19,-0.02],[-4.33,-0.59,8.2,-0.06,-0.04,-0.01],[-4.2,-0.59,8.29,-0.06,-0.03,-0.01],[-4.16,-0.6,8.26,-0.06,-0.03,-0.01],[-4.11,-0.59,8.3,-0.06,-0.03,-0.01],[-4.08,-0.56,8.33,-0.06,-0.03,-0.01],[-4.02,-0.56,8.34,-0.06,-0.02,-0.01],[-3.98,-0.56,8.34,-0.06,-0.02,-0.01],[-3.98,-0.56,8.39,-0.06,-0.02,-0.01],[-3.95,-0.54,8.38,-0.06,-0.03,-0.01],[-3.92,-0.54,8.4,-0.06,-0.02,-0.01]]}}