{"protected":{"ver":"v1","alg":"HS256","iat":1757441466},"signature":"6a03a738e5eddaca66ae81ea2a3cf51746b12c7fffa8f3116d2f7170e80bf993","payload":{"device_name":"00:01","device_type":"DATA_FORWARDER","interval_ms":625,"sensors":[{"name":"ax","units":"N/A"},{"name":"ay","units":"N/A"},{"name":"az","units":"N/A"},{"name":"gx","units":"N/A"},{"name":"gy","units":"N/A"},{"name":"gz","units":"N/A"}],"values":[[2.51,-8.84,3.29,-0.1,-0.08,0],[2.39,-8.92,3.1,-0.1,-0.04,0.06],[2.4,-8.97,3.11,-0.04,-0.06,0.01],[2.11,-9.11,3.01,-0.06,-0.01,0.05],[2.16,-8.86,3.08,-0.1,-0.03,-0.02],[1.94,-7.89,2.48,-0.28,0.27,0.75],[-0.5,-9.39,2.72,-0.05,0,-0.03],[0.02,-8.96,2.41,-0.37,-0.09,-0.52],[0.47,-8.78,2.25,-0.04,0.37,-0.3],[1.89,7.03,-8.96,0.54,2.09,2.73],[-3.61,-8.19,3.44,-0.59,0.29,0.16],[-3.77,-8.19,3.02,-0.07,-0.01,0],[-3.75,-8.18,3.06,-0.06,-0.02,-0.01],[-3.74,-8.19,3.07,-0.07,-0.02,-0.01],[-3.74,-8.18,3.09,-0.05,-0.02,-0.01],[-3.73,-8.18,3.12,-0.06,-0.02,-0.01]]}}