{"protected":{"ver":"v1","alg":"HS256","iat":1757447316},"signature":"41e0ca8a09b96f5a5ede25077549dc0ac9a445e49c3aae70dc02af6968fba67e","payload":{"device_name":"00:01","device_type":"DATA_FORWARDER","interval_ms":625,"sensors":[{"name":"ax","units":"N/A"},{"name":"ay","units":"N/A"},{"name":"az","units":"N/A"},{"name":"gx","units":"N/A"},{"name":"gy","units":"N/A"},{"name":"gz","units":"N/A"}],"values":[[-3.67,2.28,-9.45,-0.55,-3.41,-0.09],[-8.47,0.84,4.48,0.46,-0.16,-1.06],[-7.92,3.69,-4.63,-0.79,0.48,1.39],[-5.35,7.48,-0.85,-0.44,0.07,0.82],[-2.55,8.28,-2.77,0.64,-0.27,0.55],[0.84,9.64,-2.15,0.03,-0.13,0.06],[-0.05,1.08,-2.56,0.61,0.25,-0.89],[2.27,2.87,-5.83,-1.13,-0.42,-0.33],[-2.36,-2.68,-9.83,-0.05,-0.01,-0.01],[-2.27,-2.87,-9.71,-0.02,0,-0.02],[-2.04,-3.11,-9.37,0.3,0.19,-0.08],[-2.03,-3.24,-9.69,-0.06,-0.02,-0.01],[-1.98,-3.35,-9.63,-0.04,-0.01,-0.01],[-1.95,-3.44,-9.6,-0.04,-0.01,-0.01],[-1.93,-3.48,-9.57,-0.05,-0.01,-0.01],[-1.91,-3.55,-9.6,-0.05,-0.01,-0.01]]}}