{"protected":{"ver":"v1","alg":"HS256","iat":1757416415},"signature":"a1dce7d22efdb7b8b9a245271f9782adf138bf81fceb3d0b1f87fff751e21847","payload":{"device_name":"00:01","device_type":"DATA_FORWARDER","interval_ms":625,"sensors":[{"name":"ax","units":"N/A"},{"name":"ay","units":"N/A"},{"name":"az","units":"N/A"},{"name":"gx","units":"N/A"},{"name":"gy","units":"N/A"},{"name":"gz","units":"N/A"}],"values":[[-6.99,3.26,-1.6,-0.66,0.56,-0.49],[-7.55,5.22,-3.11,-0.05,0,-0.23],[-7.93,3.97,-4.09,-0.02,0.02,0.08],[-8.23,3.31,-4.33,0.29,0.15,-0.37],[-8.11,2.92,-4.96,-0.07,-0.03,0.01],[-7.93,3.05,-4.86,-0.08,-0.05,0.04],[-7.93,2.95,-4.85,-0.06,0.04,0.01],[-7.84,3.08,-4.93,-0.09,0,-0.01],[-7.86,3.14,-5.02,-0.09,0,0],[1.56,-3.48,0.79,2.44,3.23,1.16],[-5.8,-2.29,6.8,0.03,-0.02,0.11],[-5.13,-2.8,6.97,-0.06,0.02,0.01],[-5.32,-2.55,7.21,-0.06,-0.02,-0.01],[-5.23,-2.53,7.26,-0.06,-0.04,-0.01],[-5.23,-2.52,7.23,-0.06,-0.02,-0.03],[-5.19,-2.62,7.29,-0.05,-0.02,-0.01]]}}