{"protected":{"ver":"v1","alg":"HS256","iat":1757416518},"signature":"cf1384a7fd74c9b85fea2a3ec62405bde6b7d59de4cbb32a7c25a8269b6c3c0e","payload":{"device_name":"00:01","device_type":"DATA_FORWARDER","interval_ms":625,"sensors":[{"name":"ax","units":"N/A"},{"name":"ay","units":"N/A"},{"name":"az","units":"N/A"},{"name":"gx","units":"N/A"},{"name":"gy","units":"N/A"},{"name":"gz","units":"N/A"}],"values":[[-8.71,-3.57,-1.75,-0.5,-0.5,0.33],[-9.33,-2.63,-1.15,-0.11,-0.05,0.02],[-9.08,-1.88,-0.83,-0.04,-0.18,0.1],[-3.87,-10.18,6.9,0.98,-0.94,3.97],[-5.42,-2.29,7.87,-0.1,1.68,-0.18],[-5.5,-2.09,7.19,-0.06,-0.01,-0.01],[-5.34,-2.04,7.37,-0.05,-0.01,0],[-5.31,-2.02,7.36,-0.06,0,0],[-5.31,-1.96,7.35,-0.11,-0.06,0.07],[-5.29,-1.91,7.42,-0.06,0,0],[-5.26,-1.98,7.41,-0.05,-0.02,0],[-5.33,-1.91,7.4,-0.06,0.01,-0.01],[-5.32,-1.9,7.39,-0.05,-0.01,-0.01],[-5.28,-1.92,7.43,-0.06,-0.01,-0.01],[-5.27,-1.89,7.45,-0.06,0,-0.01],[-5.23,-1.86,7.5,-0.07,0.01,-0.01]]}}