{"protected":{"ver":"v1","alg":"HS256","iat":1757445486},"signature":"5f6fceb9741a40ab3c5b203a602ea97f1bb205681284c974a1d08a07e77a7aba","payload":{"device_name":"00:01","device_type":"DATA_FORWARDER","interval_ms":625,"sensors":[{"name":"ax","units":"N/A"},{"name":"ay","units":"N/A"},{"name":"az","units":"N/A"},{"name":"gx","units":"N/A"},{"name":"gy","units":"N/A"},{"name":"gz","units":"N/A"}],"values":[[8.8,3.39,2.19,-0.01,-0.67,-0.3],[9.38,3.48,1.63,-0.05,0.04,-0.03],[9.32,3.39,1.89,-0.07,0.08,-0.03],[9.28,3.53,1.76,-0.04,-0.01,-0.04],[9.19,3.66,1.7,-0.09,-0.06,-0.03],[9.28,3.58,1.7,-0.02,-0.03,0.01],[9.25,3.76,1.47,-0.04,-0.06,-0.02],[9.25,3.85,1.46,-0.04,0,0.02],[6.43,7.61,1,-0.16,-0.74,-0.2],[1.24,-1.19,-2.82,3.56,3.14,-1.39],[-0.32,-7.2,-7.26,0.12,0.1,-0.09],[-0.31,-7.07,-7.46,-0.07,-0.01,-0.01],[-0.25,-7.02,-7.51,-0.06,-0.01,-0.02],[-0.25,-6.94,-7.57,-0.09,-0.01,-0.01],[-0.26,-6.94,-7.62,-0.08,-0.02,-0.01],[-0.25,-6.85,-7.66,-0.06,-0.02,-0.01]]}}