{"protected":{"ver":"v1","alg":"HS256","iat":1757436935},"signature":"4a9d49a6252cdf6baf144b979e8d48dffb487c9f4bec3d77aa8f9d79c1f151cf","payload":{"device_name":"00:01","device_type":"DATA_FORWARDER","interval_ms":625,"sensors":[{"name":"ax","units":"N/A"},{"name":"ay","units":"N/A"},{"name":"az","units":"N/A"},{"name":"gx","units":"N/A"},{"name":"gy","units":"N/A"},{"name":"gz","units":"N/A"}],"values":[[0.03,-5.99,-5.24,0.21,-0.01,-1.39],[2.86,-7.24,-10.2,-1.78,-0.27,-1.59],[5.91,-8.2,-1.77,-1.77,-0.69,-0.29],[7.33,-6.61,-0.24,1.61,1.08,0.41],[7.64,-7.44,3,-0.52,-0.21,0.14],[1.18,-8.77,0.94,-0.3,0.18,1.22],[-0.82,-9.6,-3.61,-4.15,0.06,-0.88],[1.3,-6.34,-6.93,-1.39,2.02,0.03],[8.27,-4.92,-6.08,-0.31,1.45,-0.15],[8.03,-1.15,-7.1,0.65,0.05,0.52],[8.16,-0.06,-6.93,0.09,0.33,0.12],[5.7,-5.43,-4.48,4.68,-2.82,0.39],[1.1,-9.06,-2.08,-0.02,0.2,0.14],[-0.63,-9.57,-2.91,0.02,0.01,0.05],[8.45,4.22,7.62,-8.73,-7.27,7.22],[1.74,-9.73,0.02,-0.05,-0.02,0]]}}