{"protected":{"ver":"v1","alg":"HS256","iat":1757447253},"signature":"63f12f852d9fd4b01819d42736a7efc5e20e5350a2305ff8a4f33c78cd58eb31","payload":{"device_name":"00:01","device_type":"DATA_FORWARDER","interval_ms":625,"sensors":[{"name":"ax","units":"N/A"},{"name":"ay","units":"N/A"},{"name":"az","units":"N/A"},{"name":"gx","units":"N/A"},{"name":"gy","units":"N/A"},{"name":"gz","units":"N/A"}],"values":[[9.72,-1.68,-3.03,-0.12,0.17,-0.53],[9.26,-1.2,-3.39,-0.26,-0.16,0.13],[9.97,-0.8,-2.75,-0.14,-0.15,-0.16],[9.87,0.27,-2.37,0.45,0.08,0.64],[5.11,7.47,-4.76,-0.31,1.69,2.19],[-5.77,2.14,-8.81,0.45,-0.48,-1.51],[-5.93,1.11,-8.08,-0.08,0.02,-0.01],[-5.83,1.14,-8.21,-0.07,0.01,-0.01],[-5.71,1.2,-8.27,-0.07,0,-0.01],[-5.67,1.2,-8.28,-0.07,0,-0.01],[-5.67,1.2,-8.32,-0.07,-0.01,-0.01],[-5.66,1.18,-8.34,-0.06,-0.01,-0.01],[-5.62,1.19,-8.35,-0.06,-0.01,-0.01],[-5.61,1.18,-8.36,-0.06,-0.01,-0.01],[-5.6,1.19,-8.37,-0.06,-0.01,-0.01],[-5.59,1.18,-8.39,-0.06,-0.02,-0.01]]}}