{"protected":{"ver":"v1","alg":"HS256","iat":1757447160},"signature":"13077ec6af84b8cb728ecd8a2e056f2857bc10882978a59ca863ef24a58cfed4","payload":{"device_name":"00:01","device_type":"DATA_FORWARDER","interval_ms":625,"sensors":[{"name":"ax","units":"N/A"},{"name":"ay","units":"N/A"},{"name":"az","units":"N/A"},{"name":"gx","units":"N/A"},{"name":"gy","units":"N/A"},{"name":"gz","units":"N/A"}],"values":[[6.6,-7.86,-0.95,1.52,0.24,1.13],[8.07,-6.38,-3.04,-0.33,-0.84,-0.63],[8.7,-2.06,-4.42,-0.27,-0.43,-0.81],[7.87,-1.54,-7.16,-0.18,-0.34,-0.12],[7.52,-1.18,-7.53,-0.08,0.02,-0.06],[7.57,-0.81,-7.62,0,-0.04,-0.1],[7.31,-0.19,-7.56,-0.1,-0.03,0.01],[7.42,-0.17,-7.52,-0.03,-0.02,-0.04],[7.35,0.05,-7.62,-0.09,-0.02,-0.03],[7.22,2.89,-7.36,-0.13,0.03,-0.08],[-11.55,-5.72,-6.5,-4.8,-2.98,7.49],[-8.22,-1.38,-5.2,-0.04,0.09,-0.05],[-8.24,-1.32,-5.2,-0.06,-0.01,0],[-8.23,-1.29,-5.22,-0.07,-0.03,0],[-8.18,-1.28,-5.28,-0.06,-0.01,0],[-8.18,-1.22,-5.28,-0.07,0.01,0.01]]}}