{"protected":{"ver":"v1","alg":"HS256","iat":1757416397},"signature":"270e3e013d053505b395efdaddb000c018ba22a1b2bad995f632b68f8726ecae","payload":{"device_name":"00:01","device_type":"DATA_FORWARDER","interval_ms":625,"sensors":[{"name":"ax","units":"N/A"},{"name":"ay","units":"N/A"},{"name":"az","units":"N/A"},{"name":"gx","units":"N/A"},{"name":"gy","units":"N/A"},{"name":"gz","units":"N/A"}],"values":[[-8.16,3.33,-4.38,0.08,0.01,0.05],[-7.94,3.03,-4.45,-0.16,0.04,-0.03],[-7.66,3.41,-4.74,-0.04,0.01,-0.04],[-8.03,3.29,-4.5,-0.14,-0.02,0.05],[-7.92,3.47,-4.17,-0.07,-0.04,-0.02],[-4.88,2.15,-1.95,-0.11,-0.96,-0.01],[-4.05,4.75,11.74,0.15,1.14,-1.94],[-5.57,-1.94,7.11,-0.07,-0.04,-0.02],[-5.46,-1.94,7.29,-0.03,0.02,0.03],[-5.38,-1.82,7.36,-0.05,0.04,0],[-5.26,-1.79,7.49,-0.07,-0.02,-0.02],[-5.26,-1.84,7.45,-0.08,-0.04,-0.03],[-5.22,-1.82,7.51,-0.04,0.02,0],[-5.19,-1.84,7.47,-0.06,0,0.01],[-5.22,-1.77,7.49,-0.05,0.01,0],[-5.18,-1.78,7.49,-0.06,0,-0.01]]}}