{"protected":{"ver":"v1","alg":"HS256","iat":1757444960},"signature":"29313bff2b9e3080cef5195a5467ca6e32aff9a24d02b21ed3b4d62b9fade085","payload":{"device_name":"00:01","device_type":"DATA_FORWARDER","interval_ms":625,"sensors":[{"name":"ax","units":"N/A"},{"name":"ay","units":"N/A"},{"name":"az","units":"N/A"},{"name":"gx","units":"N/A"},{"name":"gy","units":"N/A"},{"name":"gz","units":"N/A"}],"values":[[2.78,8.17,4.76,0.02,0.1,0.02],[2.84,7.89,4.67,-0.1,-0.1,0],[2.81,7.83,4.6,-0.02,0.06,0],[2.74,8.1,4.77,0,-0.03,-0.05],[2.79,7.56,4.76,-0.14,0.05,0.13],[-67.85,-1.07,-11.53,7.68,8.73,8.73],[-5.61,4.63,-7.61,-0.78,-0.72,0.48],[-5.62,5.64,-6.02,0.01,-0.13,-0.03],[-5.7,5.48,-5.94,0,-0.07,-0.11],[-5.97,5.55,-6.57,-0.14,-0.06,0.15],[-5.61,6.33,-5.41,-0.04,0.14,0.02],[-5.99,5.22,-5.58,-0.01,-0.04,-0.09],[-5.84,5.4,-5.28,0,0.02,-0.07],[-6.08,5.88,-5.65,-0.1,-0.07,-0.03],[-6.21,5.2,-6.02,-0.01,0,-0.08],[-5.96,5.27,-5.86,-0.06,0.07,0.02]]}}