{"protected":{"ver":"v1","alg":"HS256","iat":1757445646},"signature":"b2ad926fabf16e4111f8ab346b0c86ff4330ea4fb5ddd5ebfc7114a7dd04c31f","payload":{"device_name":"00:01","device_type":"DATA_FORWARDER","interval_ms":625,"sensors":[{"name":"ax","units":"N/A"},{"name":"ay","units":"N/A"},{"name":"az","units":"N/A"},{"name":"gx","units":"N/A"},{"name":"gy","units":"N/A"},{"name":"gz","units":"N/A"}],"values":[[4.93,1.47,-9.32,-0.07,-0.02,-0.01],[4.93,1.41,-9.33,-0.05,0.03,0],[4.94,1.48,-9.3,-0.09,-0.02,0.02],[5.71,2.04,-9.89,-0.55,1.49,1.5],[8.86,-3.41,-2.62,-0.17,1.09,0.37],[-9.79,-21.6,-7.67,-2.79,-0.62,2.38],[0.39,5,-10.51,0.11,0.2,1.88],[7.3,-2.83,-7.09,-0.29,1.63,1.56],[8.82,-5.04,0.66,-0.66,-0.1,0.53],[0.98,-5.6,-2.09,0.66,-0.56,1.54],[0.7,3.84,-9.25,-0.4,0.31,0.32],[3.54,6.47,-6.18,-0.67,0.2,-0.11],[4.2,8.66,-6,-0.9,-0.36,-0.92],[0.49,8.28,-6.33,0.34,-0.14,-0.1],[2.5,6.75,-6.64,0.39,0.14,0.21],[2.79,5.86,-8.12,0.16,-0.01,0.03]]}}