{"protected":{"ver":"v1","alg":"HS256","iat":1757416732},"signature":"7fcba9f5e2eab44874bff2ae803ff6e627f5eae6e369a78f3bff1a45c0c3ace0","payload":{"device_name":"00:01","device_type":"DATA_FORWARDER","interval_ms":625,"sensors":[{"name":"ax","units":"N/A"},{"name":"ay","units":"N/A"},{"name":"az","units":"N/A"},{"name":"gx","units":"N/A"},{"name":"gy","units":"N/A"},{"name":"gz","units":"N/A"}],"values":[[0.05,9.15,2.4,-0.05,0,-0.01],[0.17,9.44,2.12,-0.09,0.03,0.03],[2.36,7.93,3.77,-0.21,0.1,0.28],[3.07,8,4.74,-1.06,0.49,0.06],[0.04,5.51,5.9,-1.97,2.84,1.88],[3.91,5.64,3.85,-1.19,2.95,1.12],[-23.12,-31.17,34.81,-2.52,-2.76,2.58],[13.14,78.45,-72.51,-3.34,-4.27,-6.58],[-0.69,19.29,2.42,2.13,-0.57,-1.24],[-3.47,8.7,-2.62,0.01,0.03,0.04],[-3.52,8.66,-2.68,-0.04,0.01,0],[-3.53,8.63,-2.71,-0.06,0,-0.01],[-3.52,8.65,-2.72,-0.05,0,-0.01],[-3.53,8.64,-2.71,-0.05,0,-0.01],[-3.55,8.62,-2.7,-0.05,0,0],[-3.55,8.63,-2.71,-0.07,0,-0.01]]}}