{"protected":{"ver":"v1","alg":"HS256","iat":1757444944},"signature":"a0ada9848abc80497fc707116573dac2a8ba04edec0c920c2e722e598b53610e","payload":{"device_name":"00:01","device_type":"DATA_FORWARDER","interval_ms":625,"sensors":[{"name":"ax","units":"N/A"},{"name":"ay","units":"N/A"},{"name":"az","units":"N/A"},{"name":"gx","units":"N/A"},{"name":"gy","units":"N/A"},{"name":"gz","units":"N/A"}],"values":[[-1.46,9.16,-3.33,0.13,-0.12,-0.16],[-9.09,4.21,-6.6,0.7,-0.91,-1.32],[-8.55,3.17,-3.94,-0.23,-0.15,0.03],[-8.41,2.92,-3.16,-0.19,-0.08,0.04],[-16.69,-12.81,4.79,-8.73,-1.52,-8.73],[4.52,8.07,-4.2,0.04,-0.06,-0.31],[4.13,8.07,-4.48,-0.17,-0.1,-0.01],[3.4,8.1,-4.23,0.17,-0.35,-0.6],[1.26,8.38,-5.79,-0.09,-0.01,0.07],[2.14,8.42,-5.07,-0.06,0.04,0.06],[2.04,8.37,-5.42,-0.2,-0.27,-0.04],[2.13,8.54,-5.22,-0.01,0.06,0],[2,8.46,-5.28,-0.04,-0.1,-0.11],[2.37,8.51,-4.91,-0.09,-0.01,0.01],[2.09,8.5,-5.02,-0.15,-0.08,0.01],[2.26,8.22,-4.84,-0.06,0.14,0.14]]}}