{"protected":{"ver":"v1","alg":"HS256","iat":1757445746},"signature":"da4e7ec947bfe4d5a187c2d1d2dbefc7f8fcb4d3f8b1a84490cde891d057a7d7","payload":{"device_name":"00:01","device_type":"DATA_FORWARDER","interval_ms":625,"sensors":[{"name":"ax","units":"N/A"},{"name":"ay","units":"N/A"},{"name":"az","units":"N/A"},{"name":"gx","units":"N/A"},{"name":"gy","units":"N/A"},{"name":"gz","units":"N/A"}],"values":[[9.59,-3.33,-0.62,0.04,-0.04,-0.11],[9.68,-3.27,-0.7,-0.06,0.05,0.01],[9.8,-3.09,-0.46,-0.06,-0.01,0],[9.75,-3.24,-0.45,-0.07,0,0.05],[9.67,-3.21,-0.39,-0.07,0,0.03],[9.8,-3.26,-0.59,-0.04,-0.02,-0.03],[9.8,-3.05,-0.66,-0.04,0.04,0],[9.79,-3.06,-0.51,-0.07,-0.05,0],[9.95,-3.14,-0.58,-0.01,0.08,-0.06],[6.28,-6.48,-2.13,-0.18,-0.86,1.5],[-2.83,5.72,-9.44,-1.19,0.43,-0.19],[-0.48,5.73,-8.45,-0.02,-0.2,0.22],[-0.47,6.23,-8.43,0.01,0.03,0.08],[2.43,5.55,-8.04,0.65,0.48,1.72],[6.59,-2.51,-7.47,-1.15,2.08,2.05],[-6.6,-14.05,-7.37,0.55,-2.7,2.72]]}}