{"protected":{"ver":"v1","alg":"HS256","iat":1757416768},"signature":"aa60fdce5cad21ca6cb3a41efd040d0a7d3359f9dcfa39281a0ec4ba6ddc2a98","payload":{"device_name":"00:01","device_type":"DATA_FORWARDER","interval_ms":625,"sensors":[{"name":"ax","units":"N/A"},{"name":"ay","units":"N/A"},{"name":"az","units":"N/A"},{"name":"gx","units":"N/A"},{"name":"gy","units":"N/A"},{"name":"gz","units":"N/A"}],"values":[[2.49,8.49,4.11,0,1.4,-0.68],[-22.46,-10.3,26.35,-8.65,-0.31,2.25],[2.51,6.86,5.63,-0.74,0.85,0.56],[-0.6,1.16,4.38,0.05,2.85,2.21],[2.37,6.71,6.07,-0.37,0.58,0.43],[3.74,8.35,2.76,0.48,0.2,-0.26],[-2.56,5.71,2.68,2.82,-1.62,-0.83],[-4.04,8.43,-1.76,0.14,0.02,-0.16],[-4.15,8.49,-1.84,-0.06,0.01,-0.01],[-4.16,8.49,-1.87,-0.06,0,0],[-4.16,8.5,-1.85,-0.05,0,0],[-4.16,8.47,-1.88,-0.06,0,-0.01],[-4.12,8.5,-1.92,-0.06,0,-0.01],[-4.13,8.49,-1.88,-0.06,0,-0.01],[-4.13,8.48,-1.88,-0.05,0,0],[-4.13,8.47,-1.89,-0.07,0,-0.01]]}}