{"protected":{"ver":"v1","alg":"HS256","iat":1757439634},"signature":"36bfab6260ea6ef6ced70bb8a6d9e5dcf8f033ba4b76e610282d6319f6c45898","payload":{"device_name":"00:01","device_type":"DATA_FORWARDER","interval_ms":625,"sensors":[{"name":"ax","units":"N/A"},{"name":"ay","units":"N/A"},{"name":"az","units":"N/A"},{"name":"gx","units":"N/A"},{"name":"gy","units":"N/A"},{"name":"gz","units":"N/A"}],"values":[[7.94,-6.05,2.28,-0.61,-0.32,0.35],[6.06,-6.06,5.26,-0.19,0.38,0.51],[5.55,-6.47,4.78,-0.06,-0.12,-0.07],[7,-8.13,-0.79,-0.54,-0.25,-0.6],[8.6,-5.59,2.08,1.31,0.05,-0.03],[9.81,-3.52,-0.83,-0.27,-0.17,-0.16],[9.84,-3.08,0.65,-0.16,-0.51,0.11],[9.57,-1.5,-1.47,-0.47,0.02,-0.1],[-1.63,-12.46,3.64,-1.42,1.45,-1.72],[7.42,-4.29,-3.62,-0.45,-0.21,-2.16],[7.43,0.98,-3.51,-1.04,-1.08,-0.4],[-1.02,-10.36,1.75,-1.02,-0.19,-1.73],[7.17,-5.1,-2.38,-0.93,0.41,-1.39],[-59.11,42.86,17.03,8.73,8.73,8.73],[0.68,-7.44,5.22,-0.77,-0.88,-0.88],[3.61,-8.89,2.9,0.11,0,-0.1]]}}