{"protected":{"ver":"v1","alg":"HS256","iat":1757444794},"signature":"a4bee0c735efe2c5e37fab9cf46352b695a758dbf82543950ba212b1834aa68a","payload":{"device_name":"00:01","device_type":"DATA_FORWARDER","interval_ms":625,"sensors":[{"name":"ax","units":"N/A"},{"name":"ay","units":"N/A"},{"name":"az","units":"N/A"},{"name":"gx","units":"N/A"},{"name":"gy","units":"N/A"},{"name":"gz","units":"N/A"}],"values":[[-1.29,9.11,-4.26,-0.3,-1.37,1.31],[1.56,1.64,9.93,-1.3,-3.02,-2.56],[-1.33,11.4,-1.9,0.46,-1.3,-1.12],[8.65,7.85,10.07,-2.54,1.68,2.6],[1.56,-0.36,9.18,0.38,-0.62,-0.79],[5.78,5.82,4.03,0.67,-1.6,-1.65],[6.07,7.35,2.38,-0.01,-0.02,0.09],[6.16,6.43,2.24,-0.1,0.2,0.14],[7.02,6.06,4.2,-0.2,0.21,0.11],[6.13,6.13,4.45,0.03,0,-0.11],[6.18,6.2,4.33,0.06,-0.04,0.05],[6.16,6.2,4.24,-0.08,-0.02,-0.03],[6.1,6.22,4.29,-0.1,-0.02,-0.02],[6.17,6.23,4.33,-0.1,0,-0.03],[6.11,6.3,4.29,-0.07,-0.02,-0.03],[6.1,6.26,4.39,-0.05,-0.02,-0.01]]}}