{"protected":{"ver":"v1","alg":"HS256","iat":1757436235},"signature":"ba1f6725055b56a5c0e255fb42d0c19b414ad2a9f4c29f2edadefaa7dbf0a756","payload":{"device_name":"00:01","device_type":"DATA_FORWARDER","interval_ms":625,"sensors":[{"name":"ax","units":"N/A"},{"name":"ay","units":"N/A"},{"name":"az","units":"N/A"},{"name":"gx","units":"N/A"},{"name":"gy","units":"N/A"},{"name":"gz","units":"N/A"}],"values":[[6.42,-6.71,3.36,-1.9,-0.14,0.1],[7.34,-0.99,7.08,1.76,1.11,-0.62],[-3.1,-6.66,-7.81,-2.98,-0.32,0.02],[-12,-6.03,-11.98,-0.15,-1.52,-0.45],[2.26,-10.61,3.97,-1.88,-0.57,0.27],[6.1,-8.24,4.86,-2.33,-2.67,-0.21],[-3.46,10.64,1.3,-0.83,-0.38,-4.7],[-7.97,5.75,-1.01,0.51,1.35,0.71],[-78.45,-10.61,-30.01,4.7,-8.73,8.73],[-0.9,5,-9.61,0.01,-1.26,-0.82],[-1.42,3.06,-8.76,0.55,-0.41,-0.37],[-1.42,2.83,-9.88,0.02,-0.03,-0.32],[-34.77,3.68,-18.46,-8.38,-6.42,8.54],[-9.03,4.52,-4.38,-4.82,-6.89,-0.53],[-6.46,6.42,3.24,-0.37,-0.53,0.37],[-5.04,6.6,4.02,-2.69,-1.46,0.25]]}}