{"protected":{"ver":"v1","alg":"HS256","iat":1757441654},"signature":"4a52298ad464f191be9fc07ad3dbf6eddd029cd0578a1aeb094f7d73e46b685d","payload":{"device_name":"00:01","device_type":"DATA_FORWARDER","interval_ms":625,"sensors":[{"name":"ax","units":"N/A"},{"name":"ay","units":"N/A"},{"name":"az","units":"N/A"},{"name":"gx","units":"N/A"},{"name":"gy","units":"N/A"},{"name":"gz","units":"N/A"}],"values":[[2.81,-8.5,5.46,0.07,0.14,0.18],[4.2,-7.26,5.91,0.14,-0.91,-0.67],[6.63,-6.8,2.49,0.07,-0.02,-0.03],[6.33,-7.29,2.55,-0.28,0.07,0.1],[-13.62,19.8,-31.5,5.58,-8.73,-1.33],[-2.86,-3.03,9.34,-2.1,-1.88,-0.98],[7.18,-2.22,2.67,-0.41,-1.54,-0.83],[-4.95,1.74,7.54,2.73,3.33,-0.86],[1.52,-4.36,9.4,-0.28,-1.04,-1.22],[8.6,-2.15,0.69,-0.73,-1.18,-0.81],[-4.31,-3.44,3.81,0.96,2.23,-0.8],[0.52,-1.46,8.94,-0.48,-2.9,-1.62],[8.48,2.43,-1.53,-0.83,-0.83,-0.34],[-10.27,-7.32,8.61,1.08,0.42,1.13],[-11.65,-4.83,0.46,-0.52,2,1.78],[-9.02,-4.06,2.97,1.25,2.55,0.37]]}}