{"protected":{"ver":"v1","alg":"HS256","iat":1757441622},"signature":"4932c5e4b10a690d53db3cef8fbec2eea6a54908c7eb34947f860107be8fe2c8","payload":{"device_name":"00:01","device_type":"DATA_FORWARDER","interval_ms":625,"sensors":[{"name":"ax","units":"N/A"},{"name":"ay","units":"N/A"},{"name":"az","units":"N/A"},{"name":"gx","units":"N/A"},{"name":"gy","units":"N/A"},{"name":"gz","units":"N/A"}],"values":[[5.96,-5.96,3.74,-0.54,-0.51,-0.19],[0.62,-8.58,-6.21,-1.45,-1.51,-0.19],[-2.42,-10.78,-10.18,0.36,0.32,-0.04],[7.47,-5.49,2.77,0.67,-0.28,-0.37],[1.66,-10.54,-4.74,-1.54,-1.62,1.4],[-0.87,-7.36,-6.25,0.08,-0.1,1.17],[-1.25,-8.02,-5.17,0.79,0.15,-0.3],[0.97,-6.64,-5.05,-0.56,-0.26,-0.52],[1.83,-7.96,8.38,-0.63,-2.06,-0.75],[-0.81,-8.65,-5.15,-0.98,-0.77,0],[0.17,-12.05,1.81,-2.27,-1.88,0.99],[-1.77,-8.42,-5.16,-2.91,-2.53,0.88],[-2.53,-7.04,9.18,-3.02,-3.4,0.83],[-1.17,-7.52,-0.22,-2.98,-3.1,0.4],[-31.45,67.1,-18.94,7.38,8.73,3.49],[1.13,-6.74,-1.86,-2.05,-2.54,-0.41]]}}