{"protected":{"ver":"v1","alg":"HS256","iat":1757444709},"signature":"e95e333a6a0e0c247c4cd4e5b0a862bf223fc4dc9aa9f355a89e77a5adad2154","payload":{"device_name":"00:01","device_type":"DATA_FORWARDER","interval_ms":625,"sensors":[{"name":"ax","units":"N/A"},{"name":"ay","units":"N/A"},{"name":"az","units":"N/A"},{"name":"gx","units":"N/A"},{"name":"gy","units":"N/A"},{"name":"gz","units":"N/A"}],"values":[[6.31,7.62,4.98,-1.05,-1.02,-0.34],[8.27,4.74,0.13,-0.57,-0.79,0.14],[4.94,8.67,-1.1,-0.05,-0.53,-0.15],[0.28,-0.86,10.26,-0.13,0.22,-0.44],[2.39,-0.15,9.1,0.2,-0.65,-0.54],[5.86,3.11,6.53,-0.13,-1.16,-0.53],[8.83,3.8,3.32,-0.25,-0.82,-0.04],[9.74,3.54,2.32,-0.48,-0.61,-0.28],[8.6,3.55,-0.61,-0.76,-0.66,-0.35],[2.52,9.31,3.19,0.74,-2.6,-2],[3.11,0.41,8.86,0.01,-0.86,-1.11],[7.14,3.91,5.59,-0.34,-1.06,-0.98],[6.6,3.85,5.73,-0.77,-0.11,0.93],[6.04,-1.17,7.69,-0.8,0.34,0.52],[5.31,-2.1,7.48,-0.21,1.9,0.26],[5.17,-0.38,7.09,0.46,-0.13,-0.3]]}}