{"protected":{"ver":"v1","alg":"HS256","iat":1757416750},"signature":"93d28c4393a0c1e0614a05d44f1caa0beba6af5e02dca0e6caef702567178e6d","payload":{"device_name":"00:01","device_type":"DATA_FORWARDER","interval_ms":625,"sensors":[{"name":"ax","units":"N/A"},{"name":"ay","units":"N/A"},{"name":"az","units":"N/A"},{"name":"gx","units":"N/A"},{"name":"gy","units":"N/A"},{"name":"gz","units":"N/A"}],"values":[[-3.57,8.59,-2.71,-0.07,-0.01,-0.01],[-3.56,8.63,-2.58,-0.05,-0.02,0],[3.24,9.25,-2.36,-2.56,0.74,1.78],[-7.28,0.75,6.37,-2.2,8.03,3.22],[3.9,2.12,-12.28,-0.96,6.1,2.84],[6.63,2.58,-8.01,0.11,2.71,1.42],[-5.65,8.26,-3.28,-0.44,-0.34,-0.03],[-3.91,8.68,-1.7,0,0.02,0],[-3.76,8.67,-1.83,-0.06,0,-0.01],[-3.73,8.69,-1.82,-0.07,0,-0.01],[-3.74,8.68,-1.87,-0.06,0,-0.01],[-3.73,8.71,-1.84,-0.05,0,-0.01],[-3.75,8.7,-1.86,-0.06,0,-0.01],[-3.7,8.69,-1.89,-0.06,0,-0.01],[-3.74,8.71,-1.82,-0.07,0,-0.01],[-3.73,8.7,-1.82,-0.06,0,-0.01]]}}