{"protected":{"ver":"v1","alg":"HS256","iat":1757441767},"signature":"ec4a6ca5eaff7e2873eb65c36c20b5d79ab8f03c4ede42f0a9374bcc291834f6","payload":{"device_name":"00:01","device_type":"DATA_FORWARDER","interval_ms":625,"sensors":[{"name":"ax","units":"N/A"},{"name":"ay","units":"N/A"},{"name":"az","units":"N/A"},{"name":"gx","units":"N/A"},{"name":"gy","units":"N/A"},{"name":"gz","units":"N/A"}],"values":[[9.47,-4.04,-3.03,-1.88,-2.92,-1.46],[-9.82,1.58,-1.71,-2.19,-2.94,6.38],[2.88,6.01,-6.93,-1.57,-2.54,2.02],[-23.14,19.29,-4.81,4.05,8.73,-3.77],[0.42,7.43,-4.23,-0.25,-1.32,2.89],[-78.45,78.45,-29.65,-8.73,8.73,-8.73],[-5.66,8.68,-3.62,0.84,0.17,2.26],[6.02,0.68,-6.33,-0.78,-1.72,1.51],[-10.32,5.31,-2.09,-3.07,-6.52,1.54],[-7.76,1.5,2.16,-3.12,-3.15,-4.22],[-6.68,-1.26,-7.89,0.37,2.1,-0.8],[-5.66,-2,-8.42,0.15,1.02,-0.24],[-5.26,-1.69,-8.53,-0.06,0.01,-0.01],[-5.21,-1.67,-8.57,-0.06,-0.01,-0.01],[-5.17,-1.67,-8.62,-0.07,-0.02,0],[-5.15,-1.67,-8.65,-0.07,-0.02,-0.01]]}}