{"protected":{"ver":"v1","alg":"HS256","iat":1757415209},"signature":"a2848525cabb6ce0e6ecd21fb38af4959d17ab9acc96e1df4b221a8a34ffeea4","payload":{"device_name":"00:01","device_type":"DATA_FORWARDER","interval_ms":625,"sensors":[{"name":"ax","units":"N/A"},{"name":"ay","units":"N/A"},{"name":"az","units":"N/A"},{"name":"gx","units":"N/A"},{"name":"gy","units":"N/A"},{"name":"gz","units":"N/A"}],"values":[[-10.26,-2.67,-7.96,-2.79,-3.51,0.74],[-5.08,-0.52,5.51,-4.74,-0.93,1.56],[-4.7,-6.68,3.74,-0.14,-0.46,-0.07],[-7.53,-6.2,0.21,-0.12,-0.09,0.17],[-5.62,-3.2,13.22,-2.36,0.12,1.08],[-7.21,-3.37,10.26,-2.3,-1.37,1.39],[-7.03,-4.17,-0.14,-2.04,-4.01,1.33],[-7.09,-4.27,8.41,0.53,1.18,-1.54],[-13.74,-7.84,-18.69,-0.98,-4.89,-0.74],[-19.41,-8.61,-21.01,-1.57,-3.75,-0.23],[-16.96,-7.79,-19.71,-0.99,-3.58,-0.52],[-6.23,-5.94,2.18,-0.18,-0.23,-0.09],[-17.8,-7.64,-25.26,0.65,-3.08,-0.81],[-17.41,-5.13,-22.91,-2.83,-5.65,-0.82],[-13.6,-4.52,-17.63,-1.69,-4.15,-0.48],[-6.78,-4.6,7.16,-0.02,-1.6,-0.12]]}}